<?xml version="1.0" encoding="UTF-8"?><?xml-stylesheet type='text/xsl' href='_UpgradeReport_Files/UpgradeReport.xslt'?><UpgradeLog>
<Properties><Property Name="Solution" Value="zanetti">
</Property><Property Name="ソリューション ファイル" Value="C:\nazo\k\新しいフォルダ (4)\src\zanetti.sln">
</Property><Property Name="ユーザー オプション ファイル" Value="C:\nazo\k\新しいフォルダ (4)\src\zanetti.suo">
</Property><Property Name="Date" Value="2008年1月17日">
</Property><Property Name="Time" Value="0:20">
</Property></Properties><Event ErrorLevel="0" Project="" Source="zanetti.sln" Description="ファイルは正常に C:\nazo\k\新しいフォルダ (4)\src\Backup\zanetti.sln としてバックアップされました。">
</Event><Event ErrorLevel="0" Project="" Source="zanetti.suo" Description="ファイルは正常に C:\nazo\k\新しいフォルダ (4)\src\Backup\zanetti.suo としてバックアップされました。">
</Event><Event ErrorLevel="0" Project="zanetti" Source="zanetti.csproj" Description="プロジェクト ファイルは正常に C:\nazo\k\新しいフォルダ (4)\src\Backup\zanetti.csproj としてバックアップされました。">
</Event><Event ErrorLevel="0" Project="zanetti" Source="zanetti.csproj.user" Description="プロジェクト ユーザー ファイルは正常に C:\nazo\k\新しいフォルダ (4)\src\Backup\zanetti.csproj.user としてバックアップされました。">
</Event><Event ErrorLevel="0" Project="zanetti" Source="AboutBox.cs" Description="ファイルは正常に C:\nazo\k\新しいフォルダ (4)\src\Backup\AboutBox.cs としてバックアップされました。">
</Event><Event ErrorLevel="0" Project="zanetti" Source="AccumulativeVolume.cs" Description="ファイルは正常に C:\nazo\k\新しいフォルダ (4)\src\Backup\AccumulativeVolume.cs としてバックアップされました。">
</Event><Event ErrorLevel="0" Project="zanetti" Source="archiver.cs" Description="ファイルは正常に C:\nazo\k\新しいフォルダ (4)\src\Backup\archiver.cs としてバックアップされました。">
</Event><Event ErrorLevel="0" Project="zanetti" Source="ArithmeticLibrary.cs" Description="ファイルは正常に C:\nazo\k\新しいフォルダ (4)\src\Backup\ArithmeticLibrary.cs としてバックアップされました。">
</Event><Event ErrorLevel="0" Project="zanetti" Source="AssemblyInfo.cs" Description="ファイルは正常に C:\nazo\k\新しいフォルダ (4)\src\Backup\AssemblyInfo.cs としてバックアップされました。">
</Event><Event ErrorLevel="0" Project="zanetti" Source="AutoTrading.cs" Description="ファイルは正常に C:\nazo\k\新しいフォルダ (4)\src\Backup\AutoTrading.cs としてバックアップされました。">
</Event><Event ErrorLevel="0" Project="zanetti" Source="AutoTradingDialog.cs" Description="ファイルは正常に C:\nazo\k\新しいフォルダ (4)\src\Backup\AutoTradingDialog.cs としてバックアップされました。">
</Event><Event ErrorLevel="0" Project="zanetti" Source="AutoTradingResultPane.cs" Description="ファイルは正常に C:\nazo\k\新しいフォルダ (4)\src\Backup\AutoTradingResultPane.cs としてバックアップされました。">
</Event><Event ErrorLevel="0" Project="zanetti" Source="AutoTradingSummaryDialog.cs" Description="ファイルは正常に C:\nazo\k\新しいフォルダ (4)\src\Backup\AutoTradingSummaryDialog.cs としてバックアップされました。">
</Event><Event ErrorLevel="0" Project="zanetti" Source="Base64.cs" Description="ファイルは正常に C:\nazo\k\新しいフォルダ (4)\src\Backup\Base64.cs としてバックアップされました。">
</Event><Event ErrorLevel="0" Project="zanetti" Source="BigInteger.cs" Description="ファイルは正常に C:\nazo\k\新しいフォルダ (4)\src\Backup\BigInteger.cs としてバックアップされました。">
</Event><Event ErrorLevel="0" Project="zanetti" Source="Bookmark.cs" Description="ファイルは正常に C:\nazo\k\新しいフォルダ (4)\src\Backup\Bookmark.cs としてバックアップされました。">
</Event><Event ErrorLevel="0" Project="zanetti" Source="BookmarkPane.cs" Description="ファイルは正常に C:\nazo\k\新しいフォルダ (4)\src\Backup\BookmarkPane.cs としてバックアップされました。">
</Event><Event ErrorLevel="0" Project="zanetti" Source="Brand.cs" Description="ファイルは正常に C:\nazo\k\新しいフォルダ (4)\src\Backup\Brand.cs としてバックアップされました。">
</Event><Event ErrorLevel="0" Project="zanetti" Source="BrandListPane.cs" Description="ファイルは正常に C:\nazo\k\新しいフォルダ (4)\src\Backup\BrandListPane.cs としてバックアップされました。">
</Event><Event ErrorLevel="0" Project="zanetti" Source="ButtonEx.cs" Description="ファイルは正常に C:\nazo\k\新しいフォルダ (4)\src\Backup\ButtonEx.cs としてバックアップされました。">
</Event><Event ErrorLevel="0" Project="zanetti" Source="ChartCanvas.cs" Description="ファイルは正常に C:\nazo\k\新しいフォルダ (4)\src\Backup\ChartCanvas.cs としてバックアップされました。">
</Event><Event ErrorLevel="0" Project="zanetti" Source="ChartDrawing.cs" Description="ファイルは正常に C:\nazo\k\新しいフォルダ (4)\src\Backup\ChartDrawing.cs としてバックアップされました。">
</Event><Event ErrorLevel="0" Project="zanetti" Source="ChartTitle.cs" Description="ファイルは正常に C:\nazo\k\新しいフォルダ (4)\src\Backup\ChartTitle.cs としてバックアップされました。">
</Event><Event ErrorLevel="0" Project="zanetti" Source="CodeBox.cs" Description="ファイルは正常に C:\nazo\k\新しいフォルダ (4)\src\Backup\CodeBox.cs としてバックアップされました。">
</Event><Event ErrorLevel="0" Project="zanetti" Source="CodeExtendData.cs" Description="ファイルは正常に C:\nazo\k\新しいフォルダ (4)\src\Backup\CodeExtendData.cs としてバックアップされました。">
</Event><Event ErrorLevel="0" Project="zanetti" Source="CodeInput.cs" Description="ファイルは正常に C:\nazo\k\新しいフォルダ (4)\src\Backup\CodeInput.cs としてバックアップされました。">
</Event><Event ErrorLevel="0" Project="zanetti" Source="ColPickerComboBox.cs" Description="ファイルは正常に C:\nazo\k\新しいフォルダ (4)\src\Backup\ColPickerComboBox.cs としてバックアップされました。">
</Event><Event ErrorLevel="0" Project="zanetti" Source="Command.cs" Description="ファイルは正常に C:\nazo\k\新しいフォルダ (4)\src\Backup\Command.cs としてバックアップされました。">
</Event><Event ErrorLevel="0" Project="zanetti" Source="CommandLine.cs" Description="ファイルは正常に C:\nazo\k\新しいフォルダ (4)\src\Backup\CommandLine.cs としてバックアップされました。">
</Event><Event ErrorLevel="0" Project="zanetti" Source="CustomComboBox.cs" Description="ファイルは正常に C:\nazo\k\新しいフォルダ (4)\src\Backup\CustomComboBox.cs としてバックアップされました。">
</Event><Event ErrorLevel="0" Project="zanetti" Source="CustomizeDialog.cs" Description="ファイルは正常に C:\nazo\k\新しいフォルダ (4)\src\Backup\CustomizeDialog.cs としてバックアップされました。">
</Event><Event ErrorLevel="0" Project="zanetti" Source="Data.cs" Description="ファイルは正常に C:\nazo\k\新しいフォルダ (4)\src\Backup\Data.cs としてバックアップされました。">
</Event><Event ErrorLevel="0" Project="zanetti" Source="DataSource.cs" Description="ファイルは正常に C:\nazo\k\新しいフォルダ (4)\src\Backup\DataSource.cs としてバックアップされました。">
</Event><Event ErrorLevel="0" Project="zanetti" Source="DateRangeChecker.cs" Description="ファイルは正常に C:\nazo\k\新しいフォルダ (4)\src\Backup\DateRangeChecker.cs としてバックアップされました。">
</Event><Event ErrorLevel="0" Project="zanetti" Source="dde.cs" Description="ファイルは正常に C:\nazo\k\新しいフォルダ (4)\src\Backup\dde.cs としてバックアップされました。">
</Event><Event ErrorLevel="0" Project="zanetti" Source="DisplayKitTemplateDialog.cs" Description="ファイルは正常に C:\nazo\k\新しいフォルダ (4)\src\Backup\DisplayKitTemplateDialog.cs としてバックアップされました。">
</Event><Event ErrorLevel="0" Project="zanetti" Source="Download.cs" Description="ファイルは正常に C:\nazo\k\新しいフォルダ (4)\src\Backup\Download.cs としてバックアップされました。">
</Event><Event ErrorLevel="0" Project="zanetti" Source="DownloadOrder.cs" Description="ファイルは正常に C:\nazo\k\新しいフォルダ (4)\src\Backup\DownloadOrder.cs としてバックアップされました。">
</Event><Event ErrorLevel="0" Project="zanetti" Source="DreamVisor.cs" Description="ファイルは正常に C:\nazo\k\新しいフォルダ (4)\src\Backup\DreamVisor.cs としてバックアップされました。">
</Event><Event ErrorLevel="0" Project="zanetti" Source="EnumDescription.cs" Description="ファイルは正常に C:\nazo\k\新しいフォルダ (4)\src\Backup\EnumDescription.cs としてバックアップされました。">
</Event><Event ErrorLevel="0" Project="zanetti" Source="Env.cs" Description="ファイルは正常に C:\nazo\k\新しいフォルダ (4)\src\Backup\Env.cs としてバックアップされました。">
</Event><Event ErrorLevel="0" Project="zanetti" Source="EnvironmentDialog.cs" Description="ファイルは正常に C:\nazo\k\新しいフォルダ (4)\src\Backup\EnvironmentDialog.cs としてバックアップされました。">
</Event><Event ErrorLevel="0" Project="zanetti" Source="EnvironmentDialog.Designer.cs" Description="ファイルは正常に C:\nazo\k\新しいフォルダ (4)\src\Backup\EnvironmentDialog.Designer.cs としてバックアップされました。">
</Event><Event ErrorLevel="0" Project="zanetti" Source="Eval.cs" Description="ファイルは正常に C:\nazo\k\新しいフォルダ (4)\src\Backup\Eval.cs としてバックアップされました。">
</Event><Event ErrorLevel="0" Project="zanetti" Source="Export.cs" Description="ファイルは正常に C:\nazo\k\新しいフォルダ (4)\src\Backup\Export.cs としてバックアップされました。">
</Event><Event ErrorLevel="0" Project="zanetti" Source="ExportDialog.cs" Description="ファイルは正常に C:\nazo\k\新しいフォルダ (4)\src\Backup\ExportDialog.cs としてバックアップされました。">
</Event><Event ErrorLevel="0" Project="zanetti" Source="ExportDialog.Designer.cs" Description="ファイルは正常に C:\nazo\k\新しいフォルダ (4)\src\Backup\ExportDialog.Designer.cs としてバックアップされました。">
</Event><Event ErrorLevel="0" Project="zanetti" Source="ExpressionConstructor.cs" Description="ファイルは正常に C:\nazo\k\新しいフォルダ (4)\src\Backup\ExpressionConstructor.cs としてバックアップされました。">
</Event><Event ErrorLevel="0" Project="zanetti" Source="Expressions.cs" Description="ファイルは正常に C:\nazo\k\新しいフォルダ (4)\src\Backup\Expressions.cs としてバックアップされました。">
</Event><Event ErrorLevel="0" Project="zanetti" Source="ExtensionKit.cs" Description="ファイルは正常に C:\nazo\k\新しいフォルダ (4)\src\Backup\ExtensionKit.cs としてバックアップされました。">
</Event><Event ErrorLevel="0" Project="zanetti" Source="ExtensionKitList.cs" Description="ファイルは正常に C:\nazo\k\新しいフォルダ (4)\src\Backup\ExtensionKitList.cs としてバックアップされました。">
</Event><Event ErrorLevel="0" Project="zanetti" Source="FreeLine.cs" Description="ファイルは正常に C:\nazo\k\新しいフォルダ (4)\src\Backup\FreeLine.cs としてバックアップされました。">
</Event><Event ErrorLevel="0" Project="zanetti" Source="Graphics.cs" Description="ファイルは正常に C:\nazo\k\新しいフォルダ (4)\src\Backup\Graphics.cs としてバックアップされました。">
</Event><Event ErrorLevel="0" Project="zanetti" Source="Hahaha.cs" Description="ファイルは正常に C:\nazo\k\新しいフォルダ (4)\src\Backup\Hahaha.cs としてバックアップされました。">
</Event><Event ErrorLevel="0" Project="zanetti" Source="hdatelier.cs" Description="ファイルは正常に C:\nazo\k\新しいフォルダ (4)\src\Backup\hdatelier.cs としてバックアップされました。">
</Event><Event ErrorLevel="0" Project="zanetti" Source="History.cs" Description="ファイルは正常に C:\nazo\k\新しいフォルダ (4)\src\Backup\History.cs としてバックアップされました。">
</Event><Event ErrorLevel="0" Project="zanetti" Source="HotKey.cs" Description="ファイルは正常に C:\nazo\k\新しいフォルダ (4)\src\Backup\HotKey.cs としてバックアップされました。">
</Event><Event ErrorLevel="0" Project="zanetti" Source="HTTPConnection.cs" Description="ファイルは正常に C:\nazo\k\新しいフォルダ (4)\src\Backup\HTTPConnection.cs としてバックアップされました。">
</Event><Event ErrorLevel="0" Project="zanetti" Source="ImageListForm.cs" Description="ファイルは正常に C:\nazo\k\新しいフォルダ (4)\src\Backup\ImageListForm.cs としてバックアップされました。">
</Event><Event ErrorLevel="0" Project="zanetti" Source="Indicator.cs" Description="ファイルは正常に C:\nazo\k\新しいフォルダ (4)\src\Backup\Indicator.cs としてバックアップされました。">
</Event><Event ErrorLevel="0" Project="zanetti" Source="IndicatorSchema.cs" Description="ファイルは正常に C:\nazo\k\新しいフォルダ (4)\src\Backup\IndicatorSchema.cs としてバックアップされました。">
</Event><Event ErrorLevel="0" Project="zanetti" Source="IndicatorSet.cs" Description="ファイルは正常に C:\nazo\k\新しいフォルダ (4)\src\Backup\IndicatorSet.cs としてバックアップされました。">
</Event><Event ErrorLevel="0" Project="zanetti" Source="InitializeData.cs" Description="ファイルは正常に C:\nazo\k\新しいフォルダ (4)\src\Backup\InitializeData.cs としてバックアップされました。">
</Event><Event ErrorLevel="0" Project="zanetti" Source="KenMille.cs" Description="ファイルは正常に C:\nazo\k\新しいフォルダ (4)\src\Backup\KenMille.cs としてバックアップされました。">
</Event><Event ErrorLevel="0" Project="zanetti" Source="KeyConfig.cs" Description="ファイルは正常に C:\nazo\k\新しいフォルダ (4)\src\Backup\KeyConfig.cs としてバックアップされました。">
</Event><Event ErrorLevel="0" Project="zanetti" Source="KeyConfigDialog.cs" Description="ファイルは正常に C:\nazo\k\新しいフォルダ (4)\src\Backup\KeyConfigDialog.cs としてバックアップされました。">
</Event><Event ErrorLevel="0" Project="zanetti" Source="KitTestDialog.cs" Description="ファイルは正常に C:\nazo\k\新しいフォルダ (4)\src\Backup\KitTestDialog.cs としてバックアップされました。">
</Event><Event ErrorLevel="0" Project="zanetti" Source="MainFrame.cs" Description="ファイルは正常に C:\nazo\k\新しいフォルダ (4)\src\Backup\MainFrame.cs としてバックアップされました。">
</Event><Event ErrorLevel="0" Project="zanetti" Source="MoneyPlanning.cs" Description="ファイルは正常に C:\nazo\k\新しいフォルダ (4)\src\Backup\MoneyPlanning.cs としてバックアップされました。">
</Event><Event ErrorLevel="0" Project="zanetti" Source="Mujinzou.cs" Description="ファイルは正常に C:\nazo\k\新しいフォルダ (4)\src\Backup\Mujinzou.cs としてバックアップされました。">
</Event><Event ErrorLevel="0" Project="zanetti" Source="NotClickableButton.cs" Description="ファイルは正常に C:\nazo\k\新しいフォルダ (4)\src\Backup\NotClickableButton.cs としてバックアップされました。">
</Event><Event ErrorLevel="0" Project="zanetti" Source="Options.cs" Description="ファイルは正常に C:\nazo\k\新しいフォルダ (4)\src\Backup\Options.cs としてバックアップされました。">
</Event><Event ErrorLevel="0" Project="zanetti" Source="PanRolling.cs" Description="ファイルは正常に C:\nazo\k\新しいフォルダ (4)\src\Backup\PanRolling.cs としてバックアップされました。">
</Event><Event ErrorLevel="0" Project="zanetti" Source="parser\ZPredicationAnalyzer.cs" Description="ファイルは正常に C:\nazo\k\新しいフォルダ (4)\src\Backup\parser\ZPredicationAnalyzer.cs としてバックアップされました。">
</Event><Event ErrorLevel="0" Project="zanetti" Source="parser\ZPredicationConstants.cs" Description="ファイルは正常に C:\nazo\k\新しいフォルダ (4)\src\Backup\parser\ZPredicationConstants.cs としてバックアップされました。">
</Event><Event ErrorLevel="0" Project="zanetti" Source="parser\ZPredicationParser.cs" Description="ファイルは正常に C:\nazo\k\新しいフォルダ (4)\src\Backup\parser\ZPredicationParser.cs としてバックアップされました。">
</Event><Event ErrorLevel="0" Project="zanetti" Source="parser\ZPredicationTokenizer.cs" Description="ファイルは正常に C:\nazo\k\新しいフォルダ (4)\src\Backup\parser\ZPredicationTokenizer.cs としてバックアップされました。">
</Event><Event ErrorLevel="0" Project="zanetti" Source="PKIBase.cs" Description="ファイルは正常に C:\nazo\k\新しいフォルダ (4)\src\Backup\PKIBase.cs としてバックアップされました。">
</Event><Event ErrorLevel="0" Project="zanetti" Source="Prediction.cs" Description="ファイルは正常に C:\nazo\k\新しいフォルダ (4)\src\Backup\Prediction.cs としてバックアップされました。">
</Event><Event ErrorLevel="0" Project="zanetti" Source="PredictionDialog.cs" Description="ファイルは正常に C:\nazo\k\新しいフォルダ (4)\src\Backup\PredictionDialog.cs としてバックアップされました。">
</Event><Event ErrorLevel="0" Project="zanetti" Source="PredictionResultPane.cs" Description="ファイルは正常に C:\nazo\k\新しいフォルダ (4)\src\Backup\PredictionResultPane.cs としてバックアップされました。">
</Event><Event ErrorLevel="0" Project="zanetti" Source="Preference.cs" Description="ファイルは正常に C:\nazo\k\新しいフォルダ (4)\src\Backup\Preference.cs としてバックアップされました。">
</Event><Event ErrorLevel="0" Project="zanetti" Source="Print.cs" Description="ファイルは正常に C:\nazo\k\新しいフォルダ (4)\src\Backup\Print.cs としてバックアップされました。">
</Event><Event ErrorLevel="0" Project="zanetti" Source="PromptContribution.cs" Description="ファイルは正常に C:\nazo\k\新しいフォルダ (4)\src\Backup\PromptContribution.cs としてバックアップされました。">
</Event><Event ErrorLevel="0" Project="zanetti" Source="PublicKey.cs" Description="ファイルは正常に C:\nazo\k\新しいフォルダ (4)\src\Backup\PublicKey.cs としてバックアップされました。">
</Event><Event ErrorLevel="0" Project="zanetti" Source="realtimeupdate.cs" Description="ファイルは正常に C:\nazo\k\新しいフォルダ (4)\src\Backup\realtimeupdate.cs としてバックアップされました。">
</Event><Event ErrorLevel="0" Project="zanetti" Source="Registration.cs" Description="ファイルは正常に C:\nazo\k\新しいフォルダ (4)\src\Backup\Registration.cs としてバックアップされました。">
</Event><Event ErrorLevel="0" Project="zanetti" Source="RSA.cs" Description="ファイルは正常に C:\nazo\k\新しいフォルダ (4)\src\Backup\RSA.cs としてバックアップされました。">
</Event><Event ErrorLevel="0" Project="zanetti" Source="Screening.cs" Description="ファイルは正常に C:\nazo\k\新しいフォルダ (4)\src\Backup\Screening.cs としてバックアップされました。">
</Event><Event ErrorLevel="0" Project="zanetti" Source="ScreeningDialog.cs" Description="ファイルは正常に C:\nazo\k\新しいフォルダ (4)\src\Backup\ScreeningDialog.cs としてバックアップされました。">
</Event><Event ErrorLevel="0" Project="zanetti" Source="ScreeningResultPane.cs" Description="ファイルは正常に C:\nazo\k\新しいフォルダ (4)\src\Backup\ScreeningResultPane.cs としてバックアップされました。">
</Event><Event ErrorLevel="0" Project="zanetti" Source="SearchBrandDialog.cs" Description="ファイルは正常に C:\nazo\k\新しいフォルダ (4)\src\Backup\SearchBrandDialog.cs としてバックアップされました。">
</Event><Event ErrorLevel="0" Project="zanetti" Source="SelectBookmarkFolder.cs" Description="ファイルは正常に C:\nazo\k\新しいフォルダ (4)\src\Backup\SelectBookmarkFolder.cs としてバックアップされました。">
</Event><Event ErrorLevel="0" Project="zanetti" Source="SimpleSign.cs" Description="ファイルは正常に C:\nazo\k\新しいフォルダ (4)\src\Backup\SimpleSign.cs としてバックアップされました。">
</Event><Event ErrorLevel="0" Project="zanetti" Source="SortableListView.cs" Description="ファイルは正常に C:\nazo\k\新しいフォルダ (4)\src\Backup\SortableListView.cs としてバックアップされました。">
</Event><Event ErrorLevel="0" Project="zanetti" Source="StaticGrouping.cs" Description="ファイルは正常に C:\nazo\k\新しいフォルダ (4)\src\Backup\StaticGrouping.cs としてバックアップされました。">
</Event><Event ErrorLevel="0" Project="zanetti" Source="Statistics.cs" Description="ファイルは正常に C:\nazo\k\新しいフォルダ (4)\src\Backup\Statistics.cs としてバックアップされました。">
</Event><Event ErrorLevel="0" Project="zanetti" Source="StorageNode.cs" Description="ファイルは正常に C:\nazo\k\新しいフォルダ (4)\src\Backup\StorageNode.cs としてバックアップされました。">
</Event><Event ErrorLevel="0" Project="zanetti" Source="StreamWithSignature.cs" Description="ファイルは正常に C:\nazo\k\新しいフォルダ (4)\src\Backup\StreamWithSignature.cs としてバックアップされました。">
</Event><Event ErrorLevel="0" Project="zanetti" Source="SystemTrading.cs" Description="ファイルは正常に C:\nazo\k\新しいフォルダ (4)\src\Backup\SystemTrading.cs としてバックアップされました。">
</Event><Event ErrorLevel="0" Project="zanetti" Source="TextUtil.cs" Description="ファイルは正常に C:\nazo\k\新しいフォルダ (4)\src\Backup\TextUtil.cs としてバックアップされました。">
</Event><Event ErrorLevel="0" Project="zanetti" Source="TimeSeries.cs" Description="ファイルは正常に C:\nazo\k\新しいフォルダ (4)\src\Backup\TimeSeries.cs としてバックアップされました。">
</Event><Event ErrorLevel="0" Project="zanetti" Source="ToggleButtonEx.cs" Description="ファイルは正常に C:\nazo\k\新しいフォルダ (4)\src\Backup\ToggleButtonEx.cs としてバックアップされました。">
</Event><Event ErrorLevel="0" Project="zanetti" Source="Util.cs" Description="ファイルは正常に C:\nazo\k\新しいフォルダ (4)\src\Backup\Util.cs としてバックアップされました。">
</Event><Event ErrorLevel="0" Project="zanetti" Source="UtilityLibrary\General\ColorUtil.cs" Description="ファイルは正常に C:\nazo\k\新しいフォルダ (4)\src\Backup\UtilityLibrary\General\ColorUtil.cs としてバックアップされました。">
</Event><Event ErrorLevel="0" Project="zanetti" Source="UtilityLibrary\General\GDIUtil.cs" Description="ファイルは正常に C:\nazo\k\新しいフォルダ (4)\src\Backup\UtilityLibrary\General\GDIUtil.cs としてバックアップされました。">
</Event><Event ErrorLevel="0" Project="zanetti" Source="UtilityLibrary\Menus\ColorGroup.cs" Description="ファイルは正常に C:\nazo\k\新しいフォルダ (4)\src\Backup\UtilityLibrary\Menus\ColorGroup.cs としてバックアップされました。">
</Event><Event ErrorLevel="0" Project="zanetti" Source="UtilityLibrary\Menus\MenuItemEx.cs" Description="ファイルは正常に C:\nazo\k\新しいフォルダ (4)\src\Backup\UtilityLibrary\Menus\MenuItemEx.cs としてバックアップされました。">
</Event><Event ErrorLevel="0" Project="zanetti" Source="UtilityLibrary\Win32\Enums.cs" Description="ファイルは正常に C:\nazo\k\新しいフォルダ (4)\src\Backup\UtilityLibrary\Win32\Enums.cs としてバックアップされました。">
</Event><Event ErrorLevel="0" Project="zanetti" Source="UtilityLibrary\Win32\Functions.cs" Description="ファイルは正常に C:\nazo\k\新しいフォルダ (4)\src\Backup\UtilityLibrary\Win32\Functions.cs としてバックアップされました。">
</Event><Event ErrorLevel="0" Project="zanetti" Source="UtilityLibrary\Win32\Structs.cs" Description="ファイルは正常に C:\nazo\k\新しいフォルダ (4)\src\Backup\UtilityLibrary\Win32\Structs.cs としてバックアップされました。">
</Event><Event ErrorLevel="0" Project="zanetti" Source="UtilityLibrary\WinControls\ColorListBox.cs" Description="ファイルは正常に C:\nazo\k\新しいフォルダ (4)\src\Backup\UtilityLibrary\WinControls\ColorListBox.cs としてバックアップされました。">
</Event><Event ErrorLevel="0" Project="zanetti" Source="UtilityLibrary\WinControls\ColorPickerDropDown.cs" Description="ファイルは正常に C:\nazo\k\新しいフォルダ (4)\src\Backup\UtilityLibrary\WinControls\ColorPickerDropDown.cs としてバックアップされました。">
</Event><Event ErrorLevel="0" Project="zanetti" Source="UtilityLibrary\WinControls\CustomColorDlg.cs" Description="ファイルは正常に C:\nazo\k\新しいフォルダ (4)\src\Backup\UtilityLibrary\WinControls\CustomColorDlg.cs としてバックアップされました。">
</Event><Event ErrorLevel="0" Project="zanetti" Source="UtilityLibrary\WinControls\NumericTextBox.cs" Description="ファイルは正常に C:\nazo\k\新しいフォルダ (4)\src\Backup\UtilityLibrary\WinControls\NumericTextBox.cs としてバックアップされました。">
</Event><Event ErrorLevel="0" Project="zanetti" Source="Visitor.cs" Description="ファイルは正常に C:\nazo\k\新しいフォルダ (4)\src\Backup\Visitor.cs としてバックアップされました。">
</Event><Event ErrorLevel="0" Project="zanetti" Source="Weekly.cs" Description="ファイルは正常に C:\nazo\k\新しいフォルダ (4)\src\Backup\Weekly.cs としてバックアップされました。">
</Event><Event ErrorLevel="0" Project="zanetti" Source="Win32.cs" Description="ファイルは正常に C:\nazo\k\新しいフォルダ (4)\src\Backup\Win32.cs としてバックアップされました。">
</Event><Event ErrorLevel="0" Project="zanetti" Source="XmlStorageRW.cs" Description="ファイルは正常に C:\nazo\k\新しいフォルダ (4)\src\Backup\XmlStorageRW.cs としてバックアップされました。">
</Event><Event ErrorLevel="0" Project="zanetti" Source="XmlUtil.cs" Description="ファイルは正常に C:\nazo\k\新しいフォルダ (4)\src\Backup\XmlUtil.cs としてバックアップされました。">
</Event><Event ErrorLevel="0" Project="zanetti" Source="YahooTable.cs" Description="ファイルは正常に C:\nazo\k\新しいフォルダ (4)\src\Backup\YahooTable.cs としてバックアップされました。">
</Event><Event ErrorLevel="0" Project="zanetti" Source="ZMenuItem.cs" Description="ファイルは正常に C:\nazo\k\新しいフォルダ (4)\src\Backup\ZMenuItem.cs としてバックアップされました。">
</Event><Event ErrorLevel="0" Project="zanetti" Source="parser\c.sh" Description="ファイルは正常に C:\nazo\k\新しいフォルダ (4)\src\Backup\parser\c.sh としてバックアップされました。">
</Event><Event ErrorLevel="0" Project="zanetti" Source="parser\condition.grammar" Description="ファイルは正常に C:\nazo\k\新しいフォルダ (4)\src\Backup\parser\condition.grammar としてバックアップされました。">
</Event><Event ErrorLevel="0" Project="zanetti" Source="omegachart.ico" Description="ファイルは正常に C:\nazo\k\新しいフォルダ (4)\src\Backup\omegachart.ico としてバックアップされました。">
</Event><Event ErrorLevel="0" Project="zanetti" Source="AboutBox.resx" Description="ファイルは正常に C:\nazo\k\新しいフォルダ (4)\src\Backup\AboutBox.resx としてバックアップされました。">
</Event><Event ErrorLevel="0" Project="zanetti" Source="AutoTradingDialog.resx" Description="ファイルは正常に C:\nazo\k\新しいフォルダ (4)\src\Backup\AutoTradingDialog.resx としてバックアップされました。">
</Event><Event ErrorLevel="0" Project="zanetti" Source="AutoTradingResultPane.resx" Description="ファイルは正常に C:\nazo\k\新しいフォルダ (4)\src\Backup\AutoTradingResultPane.resx としてバックアップされました。">
</Event><Event ErrorLevel="0" Project="zanetti" Source="AutoTradingSummaryDialog.resx" Description="ファイルは正常に C:\nazo\k\新しいフォルダ (4)\src\Backup\AutoTradingSummaryDialog.resx としてバックアップされました。">
</Event><Event ErrorLevel="0" Project="zanetti" Source="BookmarkPane.resx" Description="ファイルは正常に C:\nazo\k\新しいフォルダ (4)\src\Backup\BookmarkPane.resx としてバックアップされました。">
</Event><Event ErrorLevel="0" Project="zanetti" Source="ButtonEx.resx" Description="ファイルは正常に C:\nazo\k\新しいフォルダ (4)\src\Backup\ButtonEx.resx としてバックアップされました。">
</Event><Event ErrorLevel="0" Project="zanetti" Source="ChartCanvas.resx" Description="ファイルは正常に C:\nazo\k\新しいフォルダ (4)\src\Backup\ChartCanvas.resx としてバックアップされました。">
</Event><Event ErrorLevel="0" Project="zanetti" Source="CodeInput.resx" Description="ファイルは正常に C:\nazo\k\新しいフォルダ (4)\src\Backup\CodeInput.resx としてバックアップされました。">
</Event><Event ErrorLevel="0" Project="zanetti" Source="CustomizeDialog.resx" Description="ファイルは正常に C:\nazo\k\新しいフォルダ (4)\src\Backup\CustomizeDialog.resx としてバックアップされました。">
</Event><Event ErrorLevel="0" Project="zanetti" Source="DisplayKitTemplateDialog.resx" Description="ファイルは正常に C:\nazo\k\新しいフォルダ (4)\src\Backup\DisplayKitTemplateDialog.resx としてバックアップされました。">
</Event><Event ErrorLevel="0" Project="zanetti" Source="Download.resx" Description="ファイルは正常に C:\nazo\k\新しいフォルダ (4)\src\Backup\Download.resx としてバックアップされました。">
</Event><Event ErrorLevel="0" Project="zanetti" Source="ExportDialog.resx" Description="ファイルは正常に C:\nazo\k\新しいフォルダ (4)\src\Backup\ExportDialog.resx としてバックアップされました。">
</Event><Event ErrorLevel="0" Project="zanetti" Source="ExtensionKitList.resx" Description="ファイルは正常に C:\nazo\k\新しいフォルダ (4)\src\Backup\ExtensionKitList.resx としてバックアップされました。">
</Event><Event ErrorLevel="0" Project="zanetti" Source="ImageListForm.resx" Description="ファイルは正常に C:\nazo\k\新しいフォルダ (4)\src\Backup\ImageListForm.resx としてバックアップされました。">
</Event><Event ErrorLevel="0" Project="zanetti" Source="InitializeData.resx" Description="ファイルは正常に C:\nazo\k\新しいフォルダ (4)\src\Backup\InitializeData.resx としてバックアップされました。">
</Event><Event ErrorLevel="0" Project="zanetti" Source="KeyConfigDialog.resx" Description="ファイルは正常に C:\nazo\k\新しいフォルダ (4)\src\Backup\KeyConfigDialog.resx としてバックアップされました。">
</Event><Event ErrorLevel="0" Project="zanetti" Source="KitTestDialog.resx" Description="ファイルは正常に C:\nazo\k\新しいフォルダ (4)\src\Backup\KitTestDialog.resx としてバックアップされました。">
</Event><Event ErrorLevel="0" Project="zanetti" Source="MainFrame.resx" Description="ファイルは正常に C:\nazo\k\新しいフォルダ (4)\src\Backup\MainFrame.resx としてバックアップされました。">
</Event><Event ErrorLevel="0" Project="zanetti" Source="PredictionDialog.resx" Description="ファイルは正常に C:\nazo\k\新しいフォルダ (4)\src\Backup\PredictionDialog.resx としてバックアップされました。">
</Event><Event ErrorLevel="0" Project="zanetti" Source="PredictionResultPane.resx" Description="ファイルは正常に C:\nazo\k\新しいフォルダ (4)\src\Backup\PredictionResultPane.resx としてバックアップされました。">
</Event><Event ErrorLevel="0" Project="zanetti" Source="PromptContribution.resx" Description="ファイルは正常に C:\nazo\k\新しいフォルダ (4)\src\Backup\PromptContribution.resx としてバックアップされました。">
</Event><Event ErrorLevel="0" Project="zanetti" Source="Registration.resx" Description="ファイルは正常に C:\nazo\k\新しいフォルダ (4)\src\Backup\Registration.resx としてバックアップされました。">
</Event><Event ErrorLevel="0" Project="zanetti" Source="ScreeningDialog.resx" Description="ファイルは正常に C:\nazo\k\新しいフォルダ (4)\src\Backup\ScreeningDialog.resx としてバックアップされました。">
</Event><Event ErrorLevel="0" Project="zanetti" Source="ScreeningResultPane.resx" Description="ファイルは正常に C:\nazo\k\新しいフォルダ (4)\src\Backup\ScreeningResultPane.resx としてバックアップされました。">
</Event><Event ErrorLevel="0" Project="zanetti" Source="SearchBrandDialog.resx" Description="ファイルは正常に C:\nazo\k\新しいフォルダ (4)\src\Backup\SearchBrandDialog.resx としてバックアップされました。">
</Event><Event ErrorLevel="0" Project="zanetti" Source="SelectBookmarkFolder.resx" Description="ファイルは正常に C:\nazo\k\新しいフォルダ (4)\src\Backup\SelectBookmarkFolder.resx としてバックアップされました。">
</Event><Event ErrorLevel="0" Project="zanetti" Source="UtilityLibrary\Menus\MenuItemEx.resx" Description="ファイルは正常に C:\nazo\k\新しいフォルダ (4)\src\Backup\UtilityLibrary\Menus\MenuItemEx.resx としてバックアップされました。">
</Event><Event ErrorLevel="0" Project="zanetti" Source="UtilityLibrary\WinControls\ColorListBox.resx" Description="ファイルは正常に C:\nazo\k\新しいフォルダ (4)\src\Backup\UtilityLibrary\WinControls\ColorListBox.resx としてバックアップされました。">
</Event><Event ErrorLevel="0" Project="zanetti" Source="UtilityLibrary\WinControls\ColorPickerDropDown.resx" Description="ファイルは正常に C:\nazo\k\新しいフォルダ (4)\src\Backup\UtilityLibrary\WinControls\ColorPickerDropDown.resx としてバックアップされました。">
</Event><Event ErrorLevel="0" Project="zanetti" Source="UtilityLibrary\WinControls\CustomColorDlg.resx" Description="ファイルは正常に C:\nazo\k\新しいフォルダ (4)\src\Backup\UtilityLibrary\WinControls\CustomColorDlg.resx としてバックアップされました。">
</Event><Event ErrorLevel="0" Project="zanetti" Source="UtilityLibrary\WinControls\NumericTextBox.resx" Description="ファイルは正常に C:\nazo\k\新しいフォルダ (4)\src\Backup\UtilityLibrary\WinControls\NumericTextBox.resx としてバックアップされました。">
</Event><Event ErrorLevel="0" Project="zanetti" Source="zanetti.csproj" Description="プロジェクトは正常に変換されました。">
</Event><Event ErrorLevel="3" Project="zanetti" Source="zanetti.csproj" Description="Converted">
</Event><Event ErrorLevel="0" Project="" Source="zanetti.sln" Description="ソリューションは正常に変換されました">
</Event><Event ErrorLevel="3" Project="" Source="zanetti.sln" Description="Converted">
</Event><Event ErrorLevel="0" Project="zanetti" Source="zanetti.csproj" Description="スキャンが完了しました: プロジェクト ファイルにアップグレードは必要ありません。">
</Event></UpgradeLog>